SR_PCODE,SR_NAME,SR_MM_NAME,TS_PCODE,TS_NAME,TS_MM_NAME,RNDYNB_14,RNDYNB_15,RNDYNB_16,RNDYNB_17,RNFLQTY_14,RNFLQTY_15,RNFLQTY_16,RNFLQTY_17,WETRCON,CLMTCON,HHTEMP,LOWTEMP,SMHHTEMP_14,SMHHTEMP_15,SMHHTEMP_16,SMHHTEMP_17,WNTLWTEMP_14,WNTLWTEMP_15,WNTLWTEMP_16,WNTLWTEMP_17
MMR001,Kachin,ကချင်ပြည်နယ်,MMR001001,Myitkyina,မြစ်ကြီးနား,106,106,106,106,84.34,84.34,84.34,84.34,3,0,40,8.5,40,38.5,38.6,28,8.9,8.9,8.5,8.5
MMR001,Kachin,ကချင်ပြည်နယ်,MMR001002,Waingmaw,ဝိုင်းမော်,78,72,70,unknown,60.26,57.94,33.47,unknown,2,1,36,20,38,34,36,0,24,20,20,0
MMR001,Kachin,ကချင်ပြည်နယ်,MMR001003,Injangyang,အင်ဂျန်းယန်,48,79,78,11,53.64,60.59,62.28,5.82,2,1,32,15,32,32,32,32,12,12,15,15
MMR001,Kachin,ကချင်ပြည်နယ်,MMR001004,Tanai,တနိုင်း,106,13,34,0,77.27,2.34,9.91,unknown,2,1,38,9,37,35,38,0,12,8,9,0
MMR001,Kachin,ကချင်ပြည်နယ်,MMR001005,Chipwi,ချီဗွေ,77,112,103,unknown,74.38,79.83,78.7,unknown,0,0,38,4,38,36,38,0,8,8,4,0
MMR001,Kachin,ကချင်ပြည်နယ်,MMR001006,Tsawlaw,ဆော့လော်,106,129,105,16,55.04,108.56,107.02,32.45,2,1,38,8,38,38,38,38,8,8,8,8
MMR001,Kachin,ကချင်ပြည်နယ်,MMR001007,Mohnyin,မိုးညှင်း,98,109,108,5,65.68,70.62,67.12,1.58,2,1,38.3,5,39,38.5,38.5,34,5.5,7,7,11
MMR001,Kachin,ကချင်ပြည်နယ်,MMR001008,Mogaung,မိုးကောင်း,107,123,105,96,80.6,88.35,74.02,69.68,2,1,39.5,17.5,39,38,39.5,39.5,8,8.5,8,17.5
MMR001,Kachin,ကချင်ပြည်နယ်,MMR001009,Hpakant,ဖားကန့်,133,132,122,58,123,117.54,74.62,43.77,1,1,38,10,40.9,38.3,39.4,35,6.4,2.7,5.5,5.5
MMR001,Kachin,ကချင်ပြည်နယ်,MMR001010,Bhamo,ဗန်းမော်,88,95,92,83,65,56.42,53.62,61.21,2,1,41,7.2,40.3,39.4,40.2,40,8,7,7.9,7.2
MMR001,Kachin,ကချင်ပြည်နယ်,MMR001011,Shwegu,ရွှေကူ,80,85,92,76,41.43,53.21,46.29,39.14,2,1,40.1,7.2,40.3,39.2,40.1,31.3,8,7.3,7.2,7.2
MMR001,Kachin,ကချင်ပြည်နယ်,MMR001012,Momauk,မိုးမောက်,unknown,unknown,unknown,229,unknown,unknown,unknown,240.85,2,1,40,6.5,0,0,0,40,0,0,0,6.5
MMR001,Kachin,ကချင်ပြည်နယ်,MMR001013,Mansi,မန်စီ,unknown,unknown,unknown,74,unknown,unknown,unknown,67.7,2,1,75,36,0,0,0,75,0,0,0,36
MMR001,Kachin,ကချင်ပြည်နယ်,MMR001014,Puta-O,ပူတာအို,142,149,174,21,160.49,160.61,152.69,6.82,1,1,38,1.5,36.2,35,36,29.5,2,2,2,1.5
MMR001,Kachin,ကချင်ပြည်နယ်,MMR001015,Sumprabum,ဆွမ်ပရာဘွမ်,74,93,76,14,66.32,57.95,46.31,9.54,1,1,40,26,0,0,0,0,0,0,0,0
MMR001,Kachin,ကချင်ပြည်နယ်,MMR001016,Machanbaw,မချမ်းဘော,unknown,147,176,25,unknown,92.58,147.17,8.23,1,1,26.5,4.6,0,37.5,36,29,0,4.6,6,4.6
MMR001,Kachin,ကချင်ပြည်နယ်,MMR001017,Nawngmun,နောင်မွန်း,unknown,unknown,unknown,unknown,unknown,unknown,unknown,unknown,1,1,35,4,0,0,0,35.2,0,0,0,6
MMR001,Kachin,ကချင်ပြည်နယ်,MMR001018,Khaunglanhpu,ခေါင်လန်ဖူး,unknown,unknown,183,unknown,unknown,unknown,154.06,unknown,1,1,28,19,0,0,349.01,0,0,0,164.42,0
MMR002,Kayah,ကယားပြည်နယ်,MMR002001,Loikaw,လွိုင်ကော်,85,92,89,1,35.61,42.6,41.14,0.9,2,1,37.2,5,36,37,39.5,34.5,5.5,5.5,6,0
MMR002,Kayah,ကယားပြည်နယ်,MMR002002,Demoso,ဒီမောဆို,70,89,7,3,26.46,28.04,2.44,0.12,1,1,36.8,6,36.8,36.8,36.8,36.8,6,6,6,6
MMR002,Kayah,ကယားပြည်နယ်,MMR002003,Hpruso,ဖရူဆို,103,89,93,87,44.88,43.14,46.85,45.16,2,1,35,6,34,35,33,33,6,6,7,7
MMR002,Kayah,ကယားပြည်နယ်,MMR002004,Shadaw,ရှားတော,53,66,51,46,22.74,30.57,26.29,23.33,3,0,42,7,42,42,42,42,7,7,7,7
MMR002,Kayah,ကယားပြည်နယ်,MMR002005,Bawlakhe,ဘောလခဲ,72,76,71,68,31.9,37.68,30.42,30.09,3,0,44,17,43.8,44,45.4,44,9,10.8,9,17
MMR002,Kayah,ကယားပြည်နယ်,MMR002006,Hpasawng,ဖားဆောင်း,65,70,64,61,36.09,25.66,32.6,28.02,2,1,40,10,38,42,42,42,10,8,8,8
MMR002,Kayah,ကယားပြည်နယ်,MMR002007,Mese,မယ်စဲ့,71,70,66,60,29.35,32.43,32.6,29.22,2,1,40,25,40,37,39,40,26,30,28,26
MMR003,Kayin,ကရင်ပြည်နယ်,MMR003001,Hpa-An,ဘားအံ,136,137,121,unknown,159.52,164.4,146.93,unknown,2,1,40.2,21,40,39.2,41.3,0,11.8,15.2,12,0
MMR003,Kayin,ကရင်ပြည်နယ်,MMR003002,Hlaingbwe,လှိုင်းဘွဲ့,157,140,130,unknown,202.16,153.42,148.12,unknown,2,1,45,20,40,42,45,40,20,22,25,22
MMR003,Kayin,ကရင်ပြည်နယ်,MMR003003,Hpapun,ဖာပွန်,124,143,122,unknown,76.57,91.01,81.91,unknown,2,1,41,14,39,40,41,0,14,14,14,0
MMR003,Kayin,ကရင်ပြည်နယ်,MMR003004,Thandaunggyi,သံတောင်ကြီး,137,133,152,unknown,150.89,160.12,134.88,unknown,2,1,29,14,32,32,32,32,12,12,12,12
MMR003,Kayin,ကရင်ပြည်နယ်,MMR003005,Myawaddy,မြဝတီ,102,104,115,1,46.89,62.95,82.17,unknown,2,1,35,25,35,35,30,40,25,25,19,17
MMR003,Kayin,ကရင်ပြည်နယ်,MMR003006,Kawkareik,ကော့ကရိတ်,129,143,111,2,124.22,153.63,153.24,0.24,2,1,39,14,41,39,42,38.3,12,14,10,13
MMR003,Kayin,ကရင်ပြည်နယ်,MMR003007,Kyainseikgyi,ကြာအင်းဆိပ်ကြီး,138,101,110,unknown,138.49,123.36,101.27,unknown,2,1,39,29,39,39,39,39,29,29,29,29
MMR004,Chin,ချင်းပြည်နယ်,MMR004001,Falam,ဖလမ်း,91,111,96,4,44.41,76.42,64.72,0.71,2,1,32,2.8,32,32.8,24,27.8,6.5,5,5.6,6.2
MMR004,Chin,ချင်းပြည်နယ်,MMR004002,Hakha,ဟားခါး,unknown,104,131,unknown,unknown,94.05,86.01,unknown,1,1,29.4,-4,0,28.7,29.4,0,0,-2.7,-4,0
MMR004,Chin,ချင်းပြည်နယ်,MMR004003,Thantlang,ထန်တလန်,84,120,27,113,44.14,57.34,13.5,58.85,2,1,37,3,0,0,0,0,0,0,0,13
MMR004,Chin,ချင်းပြည်နယ်,MMR004004,Tedim,တီးတိန်,90,114,119,8,43.46,63.58,64.01,2.36,1,1,25.5,14.1,35,29,31,24.8,4,3.8,3,4
MMR004,Chin,ချင်းပြည်နယ်,MMR004005,Tonzang,တွန်းဇံ,72,88,102,7,45.84,55.68,49.52,2.1,2,1,32.22,5.88,29,28,24.3,30,8,8,14.5,20
MMR004,Chin,ချင်းပြည်နယ်,MMR004006,Mindat,မင်းတပ်,104,100,104,93,58.96,56.9,65.24,66.49,2,1,34.5,17.7,35,34.9,33.5,34.5,6.4,8.5,7.5,17.7
MMR004,Chin,ချင်းပြည်နယ်,MMR004007,Matupi,မတူပီ,126,136,132,4,76.07,134,100.12,5.92,2,1,33.3,9,27,29,33,33,4,3,3,3
MMR004,Chin,ချင်းပြည်နယ်,MMR004008,Kanpetlet,ကန်ပက်လက်,127,99,123,107,96.65,46.92,91.68,78.04,1,1,36,4,36,36,36,36,2,4,2,4
MMR004,Chin,ချင်းပြည်နယ်,MMR004009,Paletwa,ပလက်ဝ,117,126,129,4,96.89,169.75,113.73,4.77,2,1,38.6,7.6,37.6,32.6,39.8,0,7.9,9,12.8,0
MMR005,Sagaing,စစ်ကိုင်းတိုင်းဒေသကြီး,MMR005001,Sagaing,စစ်ကိုင်း,43,56,51,1,27.32,30.083,33.15,0.04,3,0,40.1,22.7,41.2,41.5,40.1,36.9,11.9,12,11.9,11
MMR005,Sagaing,စစ်ကိုင်းတိုင်းဒေသကြီး,MMR005002,Myinmu,မြင်းမူ,49,59,64,1,36.61,34.33,40.24,0.24,3,0,44.5,8.5,43.4,43.9,45,40.2,11.4,11.5,9.4,9
MMR005,Sagaing,စစ်ကိုင်းတိုင်းဒေသကြီး,MMR005003,Myaung,မြောင်,35,41,47,unknown,23.96,27.8,34.48,unknown,3,0,42,28,42,42,42,42,28,28,28,28
MMR005,Sagaing,စစ်ကိုင်းတိုင်းဒေသကြီး,MMR005004,Shwebo,ရွှေဘို,49,64,68,2,28.31,41.14,45.35,0.43,3,0,44.2,3,43,42,43.5,42.5,11,9,11,10
MMR005,Sagaing,စစ်ကိုင်းတိုင်းဒေသကြီး,MMR005005,Khin-U,ခင်ဦး,46,59,53,unknown,26.09,37.87,33.37,unknown,3,0,36,19,36,36,36,0,19,19,19,0
MMR005,Sagaing,စစ်ကိုင်းတိုင်းဒေသကြီး,MMR005006,Wetlet,ဝက်လက်,44,52,17,unknown,32.31,33.29,4.04,unknown,2,1,38,26,38,38,40,0,26,26,26,0
MMR005,Sagaing,စစ်ကိုင်းတိုင်းဒေသကြီး,MMR005007,Kanbalu,ကန့်ဘလူ,51,79,68,1,30.12,64.13,39.17,0.12,3,0,42.5,9,43,42,42.5,0,11.5,11,10.5,0
MMR005,Sagaing,စစ်ကိုင်းတိုင်းဒေသကြီး,MMR005008,Kyunhla,ကျွန်းလှ,59,79,68,1,38.12,64.4,42.65,0.05,2,1,43,-8,43,43,43,43,18,18,18,18
MMR005,Sagaing,စစ်ကိုင်းတိုင်းဒေသကြီး,MMR005009,Ye-U,ရေဦး,46,61,59,4,27.38,37.9,28.12,1.26,3,0,43.3,9.2,42.7,42.6,43.5,38,12,11.8,9.6,11.4
MMR005,Sagaing,စစ်ကိုင်းတိုင်းဒေသကြီး,MMR005010,Tabayin,ဒီပဲယင်း,43,56,59,2,35.15,41.82,40.46,0.68,3,0,42,14,40,40,40,40,14,14,14,14
MMR005,Sagaing,စစ်ကိုင်းတိုင်းဒေသကြီး,MMR005011,Taze,တန့်ဆည်,30,55,46,unknown,26.03,40.74,30.16,unknown,3,0,42,26,40,40,42,42,26,26,26,26
MMR005,Sagaing,စစ်ကိုင်းတိုင်းဒေသကြီး,MMR005012,Monywa,မုံရွာ,42,52,61,1,26.59,34.38,33.33,0.91,3,0,45,7.78,43.8,43.8,44.7,41,12.7,13.1,11.7,12.2
MMR005,Sagaing,စစ်ကိုင်းတိုင်းဒေသကြီး,MMR005013,Budalin,ဘုတလင်,45,41,51,1,36.69,36.47,28.73,0.26,3,0,41,13,41,41,40,38,13,13,14,13
MMR005,Sagaing,စစ်ကိုင်းတိုင်းဒေသကြီး,MMR005014,Ayadaw,အရာတော်,54,62,64,2,33.86,33.09,43.46,0.83,2,1,40,20,32,30.4,31.1,29.4,23.2,23.7,23.5,24.1
MMR005,Sagaing,စစ်ကိုင်းတိုင်းဒေသကြီး,MMR005015,Chaung-U,ချောင်းဦး,44,44,47,unknown,28.6,31.43,28.9,unknown,3,0,41,32,41,41,43,41,10,10,16,22
MMR005,Sagaing,စစ်ကိုင်းတိုင်းဒေသကြီး,MMR005016,Yinmabin,ယင်းမာပင်,45,53,60,unknown,26.47,34.58,33.9,unknown,3,0,43,11,49,49,36,0,12,12,15,0
MMR005,Sagaing,စစ်ကိုင်းတိုင်းဒေသကြီး,MMR005017,Kani,ကနီ,57,63,62,2,39.15,54.55,48.16,0.48,3,0,38,16,38,38,39,30,17,14,15,15
MMR005,Sagaing,စစ်ကိုင်းတိုင်းဒေသကြီး,MMR005018,Salingyi,ဆားလင်းကြီး,38,46,51,1,27.23,37.76,39.98,0.48,3,0,43,12,42,42,42,42,13,13,13,13
MMR005,Sagaing,စစ်ကိုင်းတိုင်းဒေသကြီး,MMR005019,Pale,ပုလဲ,46,52,62,4,34.74,31.83,43.23,2.87,3,0,42,31,42,43,41,42,11,12,10,12
MMR005,Sagaing,စစ်ကိုင်းတိုင်းဒေသကြီး,MMR005020,Katha,ကသာ,77,93,79,9,64.33,80.35,50.43,2.28,2,1,45.5,3,41.5,37.9,37.9,0,10,5.8,5.8,0
MMR005,Sagaing,စစ်ကိုင်းတိုင်းဒေသကြီး,MMR005021,Indaw,အင်းတော်,84,88,75,5,55.53,83.39,60.73,1.21,2,1,39,11,38,39,40,0,10,9,8,0
MMR005,Sagaing,စစ်ကိုင်းတိုင်းဒေသကြီး,MMR005022,Tigyaing,ထီးချိုင့်,54,75,65,6,27.8,59.86,40.17,0.64,3,0,42,23,42,42,42,42,25,25,23,23
MMR005,Sagaing,စစ်ကိုင်းတိုင်းဒေသကြီး,MMR005023,Banmauk,ဗန်းမောက်,79,77,91,unknown,55.31,70.59,48.85,unknown,2,1,39,6,38,38,37,37,9,7,8,8
MMR005,Sagaing,စစ်ကိုင်းတိုင်းဒေသကြီး,MMR005024,Kawlin,ကောလင်း,62,95,81,3,58.14,98.57,59.57,0.72,2,1,41,32,40,39,39,0,12,11,11,0
MMR005,Sagaing,စစ်ကိုင်းတိုင်းဒေသကြီး,MMR005025,Wuntho,ဝန်းသို,70,95,98,unknown,59.65,90.27,84.67,unknown,2,1,40,17,40,40,40,0,17,17,17,0
MMR005,Sagaing,စစ်ကိုင်းတိုင်းဒေသကြီး,MMR005026,Pinlebu,ပင်လည်ဘူး,78,90,18,11,46.75,67.4,15.46,2.28,2,1,40,5,41,39.5,40.5,38.5,13.77,10.48,10.3,20
MMR005,Sagaing,စစ်ကိုင်းတိုင်းဒေသကြီး,MMR005027,Kale,ကလေး,66,93,99,12,37.72,76.85,66.39,2.56,2,1,47.5,8.6,40,31,41.5,39.3,8.5,9.5,9.5,0
MMR005,Sagaing,စစ်ကိုင်းတိုင်းဒေသကြီး,MMR005028,Kalewa,ကလေးဝ,47,95,94,1,32.72,83.78,65.63,0.18,2,1,45,7.7,41,41.7,43,43.3,9.4,12.4,11.8,11.6
MMR005,Sagaing,စစ်ကိုင်းတိုင်းဒေသကြီး,MMR005029,Mingin,မင်းကင်း,44,80,87,3,29.9,61.89,47.6,0.51,3,0,45.7,8.7,43.3,42.5,43.2,38,5.2,7,5.2,0
MMR005,Sagaing,စစ်ကိုင်းတိုင်းဒေသကြီး,MMR005030,Tamu,တမူး,93,107,106,6,79.76,99.06,91.93,2.64,2,1,38,4.3,43.2,40.3,41.6,35.7,7.5,4.9,4.3,7.6
MMR005,Sagaing,စစ်ကိုင်းတိုင်းဒေသကြီး,MMR005031,Mawlaik,မော်လိုက်,85,100,103,13,55.7,74.43,75.92,5.39,3,1,46.4,6,44.3,41.5,46.4,39,9,8,8,8
MMR005,Sagaing,စစ်ကိုင်းတိုင်းဒေသကြီး,MMR005032,Paungbyin,ဖေါင်းပြင်,65,93,99,unknown,60.9,74.79,76.13,unknown,3,1,48,12,43,44,44,0,12,12,12,0
MMR005,Sagaing,စစ်ကိုင်းတိုင်းဒေသကြီး,MMR005033,Hkamti,ခန္တီး,100,115,121,unknown,96.3,133.81,160.59,unknown,2,1,38,6,40.9,38.3,39.4,0,6.4,2.7,3.5,0
MMR005,Sagaing,စစ်ကိုင်းတိုင်းဒေသကြီး,MMR005034,Homalin,ဟုမ္မလင်း,90,112,104,unknown,76.97,109.21,96.81,unknown,3,1,41.4,4.2,41.5,38.5,39.5,0,9.6,9.5,10.5,0
MMR005,Sagaing,စစ်ကိုင်းတိုင်းဒေသကြီး,MMR005035,Lay Shi,လေရှီး,73,79,76,7,66.89,65.65,66.9,2.29,2,1,36,8,36,36,36,0,9,9,9,0
MMR005,Sagaing,စစ်ကိုင်းတိုင်းဒေသကြီး,MMR005036,Lahe,လဟယ်,unknown,113,134,80,unknown,68.15,102.15,120,2,1,32,14,0,32,32,32,0,14,14,14
MMR005,Sagaing,စစ်ကိုင်းတိုင်းဒေသကြီး,MMR005037,Nanyun,နန်းယွန်း,109,104,151,21,81.75,71.06,118.78,9.28,2,1,37,14,35,35,35,36,16,16,16,16
MMR006,Tanintharyi,တနင်္သာရီတိုင်းဒေသကြီး,MMR006001,Dawei,ထားဝယ်,143,148,147,9,229.25,193.25,178.48,3.67,2,1,36.6,21.2,35.5,35.8,39.5,37.5,11,21.5,10,15.5
MMR006,Tanintharyi,တနင်္သာရီတိုင်းဒေသကြီး,MMR006002,Launglon,လောင်းလုံ,139,145,145,2,290.51,255.78,189.15,1.61,2,1,39,8.5,38,37.5,39,37,7,10,10.5,14
MMR006,Tanintharyi,တနင်္သာရီတိုင်းဒေသကြီး,MMR006003,Thayetchaung,သရက်ချောင်း,147,133,147,4,235.45,199.43,170.05,2.74,2,1,38.7,9.8,38.3,35,39.5,37.5,11.2,12.5,10,15.5
MMR006,Tanintharyi,တနင်္သာရီတိုင်းဒေသကြီး,MMR006004,Yebyu,ရေဖြူ,134,126,135,1,229.01,231.78,220.01,1.72,2,1,37.8,9.8,37.8,37.8,38.8,38.8,9.8,9.8,9.8,9.8
MMR006,Tanintharyi,တနင်္သာရီတိုင်းဒေသကြီး,MMR006005,Myeik,မြိတ်,149,151,162,13,181.66,171.34,146.26,6.95,2,1,38,22,35.5,36.5,35.5,37,14.5,18.5,17,20.5
MMR006,Tanintharyi,တနင်္သာရီတိုင်းဒေသကြီး,MMR006006,Kyunsu,ကျွန်းစု,139,138,153,7,221.71,195.17,199.76,6.58,2,1,32,14,32,32,40,40,14,14,29,0
MMR006,Tanintharyi,တနင်္သာရီတိုင်းဒေသကြီး,MMR006007,Palaw,ပုလော,139,136,154,5,207.23,209.16,193.7,2.76,2,1,35.5,21.1,34,35,35,36,21.1,21.1,22,22
MMR006,Tanintharyi,တနင်္သာရီတိုင်းဒေသကြီး,MMR006008,Tanintharyi,တနင်္သာရီ,141,131,148,11,158.18,166.41,113.52,6.98,2,1,34,15.89,33.33,32.78,32.86,33.35,17.22,16.11,16.13,17.14
MMR006,Tanintharyi,တနင်္သာရီတိုင်းဒေသကြီး,MMR006009,Kawthoung,ကော့သောင်း,161,146,167,18,177.28,158.23,182.04,16.09,2,1,36,20,38.2,38.7,40.5,0,16,17.5,17,0
MMR006,Tanintharyi,တနင်္သာရီတိုင်းဒေသကြီး,MMR006010,Bokpyin,ဘုတ်ပြင်း,137,128,167,21,199.24,178.31,215.67,14.37,3,0,98,54,98,98,98,98,54,54,54,54
MMR111,Bago,ပဲခူးတိုင်းဒေသကြီး,MMR007001,Bago,ပဲခူး,unknown,unknown,unknown,124,unknown,unknown,unknown,141.57,2,1,39.8,16.4,0,0,0,39.3,0,0,0,20
MMR111,Bago,ပဲခူးတိုင်းဒေသကြီး,MMR007002,Thanatpin,သနပ်ပင်,130,130,146,1,134.57,125.42,130.01,0.11,2,1,38,20,37,38,37,37,21,20,22,21
MMR111,Bago,ပဲခူးတိုင်းဒေသကြီး,MMR007003,Kawa,ကဝ,95,113,110,unknown,89.99,86.63,83.09,unknown,2,1,40,1.11,40,40,40,0,20,20,20,0
MMR111,Bago,ပဲခူးတိုင်းဒေသကြီး,MMR007004,Waw,ဝေါ,115,106,125,114,134.66,147.46,145.43,116.11,2,1,39,25,39,39,39,37,25,25,25,25
MMR111,Bago,ပဲခူးတိုင်းဒေသကြီး,MMR007005,Nyaunglebin,ညောင်လေးပင်,unknown,unknown,unknown,124,unknown,unknown,unknown,128.76,2,1,42,13,0,0,0,35.5,0,0,0,23.2
MMR111,Bago,ပဲခူးတိုင်းဒေသကြီး,MMR007006,Kyauktaga,ကျောက်တံခါး,unknown,unknown,unknown,124,unknown,unknown,unknown,118.68,2,1,40,12.5,0,0,0,40,0,0,0,12.5
MMR111,Bago,ပဲခူးတိုင်းဒေသကြီး,MMR007007,Daik-U,ဒိုက်ဦး,137,133,103,120,117.87,141.42,115.19,98.54,2,1,93.4,18,40,40,40,40,21,21,21,21
MMR111,Bago,ပဲခူးတိုင်းဒေသကြီး,MMR007008,Shwegyin,ရွှေကျင်,128,1,127,124,127.68,0.08,144.71,140.16,2,1,43,5.8,40.1,39.9,40.9,40.6,10,11.2,11.4,13.1
MMR111,Bago,ပဲခူးတိုင်းဒေသကြီး,MMR007009,Taungoo,တောင်ငူ,122,92,115,130,97.34,51.92,72.04,76.16,2,1,44,13.5,42,41.5,44,44,11.5,13,12,13.5
MMR111,Bago,ပဲခူးတိုင်းဒေသကြီး,MMR007010,Yedashe,ရေတာရှည်,84,84,78,84,62.37,85.6,73.22,79.69,2,1,37,27,39,39,39,39,16,15,15,15
MMR111,Bago,ပဲခူးတိုင်းဒေသကြီး,MMR007011,Kyaukkyi,ကျောက်ကြီး,127,126,124,118,128.21,114.82,91.43,106.37,2,1,40,10,38,37,38,39,10,10,13,18
MMR111,Bago,ပဲခူးတိုင်းဒေသကြီး,MMR007012,Phyu,ဖြူး,120,133,117,116,81.58,108.77,89.06,94.45,2,1,42,10.5,40,41,42,40.8,12.7,11,10.5,12
MMR111,Bago,ပဲခူးတိုင်းဒေသကြီး,MMR007013,Oktwin,အုတ်တွင်း,78,93,71,96,63.22,77.85,62.88,96.61,2,1,44,12,38,42,44,43,26,12,16,0
MMR111,Bago,ပဲခူးတိုင်းဒေသကြီး,MMR007014,Htantabin,ထန်းတပင်,99,69,93,88,78.64,55.3,70.87,75.24,2,1,40.5,13.5,41.5,42,44,40.5,13,11.3,13,13.5
MMR111,Bago,ပဲခူးတိုင်းဒေသကြီး,MMR008001,Pyay,ပြည်,78,89,97,68,48.26,61.23,48.59,41.85,2,1,41.8,17.5,30.2,39.2,42.4,41.2,15.7,15.3,15.4,0
MMR111,Bago,ပဲခူးတိုင်းဒေသကြီး,MMR008002,Paukkhaung,ပေါက်ခေါင်း,84,45,67,75,54.28,24.48,47.65,38.43,2,1,38,14,31,31,33,31,14,14,15,14
MMR111,Bago,ပဲခူးတိုင်းဒေသကြီး,MMR008003,Padaung,ပန်းတောင်း,78,76,87,1,44.49,58.59,47.19,0.12,2,1,37,22,37,37,36,36,22,22,22,22
MMR111,Bago,ပဲခူးတိုင်းဒေသကြီး,MMR008004,Paungde,ပေါင်းတည်,74,75,86,unknown,50.35,69.99,76.13,unknown,2,1,38,20,38,37,38,34,27,22,20,24
MMR111,Bago,ပဲခူးတိုင်းဒေသကြီး,MMR008005,Thegon,သဲကုန်း,79,83,93,3,52.95,73.32,74.97,1.6,2,1,31.99,21.57,0,32.62,34.46,21.57,0,25.67,26.16,31.99
MMR111,Bago,ပဲခူးတိုင်းဒေသကြီး,MMR008006,Shwedaung,ရွှေတောင်,unknown,unknown,78,unknown,unknown,unknown,60.02,unknown,2,1,37,20,0,0,38,0,0,0,25,0
MMR111,Bago,ပဲခူးတိုင်းဒေသကြီး,MMR008007,Thayarwady,သာယာဝတီ,107,118,105,98,88.38,95.76,86.3,68.56,2,1,42.2,9,42.2,37.2,40.9,40,9,10,10.7,12.5
MMR111,Bago,ပဲခူးတိုင်းဒေသကြီး,MMR008008,Letpadan,လက်ပံတန်း,101,125,112,108,89.75,94.56,87.66,59.25,2,1,37,17,37,31,31,35,17,21,21,20
MMR111,Bago,ပဲခူးတိုင်းဒေသကြီး,MMR008009,Minhla,မင်းလှ,93,92,119,91,53.53,66.72,65.54,50.5,2,1,39.2,27,38,38,38,37,18,18,18,0
MMR111,Bago,ပဲခူးတိုင်းဒေသကြီး,MMR008010,Okpho,အုတ်ဖို,unknown,unknown,unknown,unknown,unknown,unknown,unknown,unknown,2,1,38.3,5,0,0,0,0,0,0,0,0
MMR111,Bago,ပဲခူးတိုင်းဒေသကြီး,MMR008011,Zigon,ဇီးကုန်း,73,79,87,86,47.87,54.72,58.76,55.83,3,1,48,23,0,0,41,40,0,0,23,0
MMR111,Bago,ပဲခူးတိုင်းဒေသကြီး,MMR008012,Nattalin,နတ္တလင်း,86,86,92,90,57.08,60.02,69.43,55.91,3,1,32.13,24,48,54,32.13,0,24,24,24.52,0
MMR111,Bago,ပဲခူးတိုင်းဒေသကြီး,MMR008013,Monyo,မိုးညို,86,87,90,88,52.91,63.62,58.44,53.19,2,1,48,15,39,39,41,34,13,12,14,0
MMR111,Bago,ပဲခူးတိုင်းဒေသကြီး,MMR008014,Gyobingauk,ကြို့ပင်ကောက်,unknown,unknown,unknown,78,unknown,unknown,unknown,52.72,2,1,40.5,19.5,0,0,0,40.5,0,0,0,19.5
MMR009,Magway,မကွေးတိုင်းဒေသကြီး,MMR009001,Magway,မကွေး,77,55,62,77,39.81,23.81,46.07,50.04,3,0,46.5,8.2,44,43,44.2,46.5,10.5,13.1,10.1,8.2
MMR009,Magway,မကွေးတိုင်းဒေသကြီး,MMR009002,Yenangyaung,ရေနံချောင်း,unknown,unknown,unknown,unknown,unknown,unknown,unknown,unknown,3,0,41,17,0,0,0,0,0,0,0,0
MMR009,Magway,မကွေးတိုင်းဒေသကြီး,MMR009003,Chauk,ချောက်,24,47,62,1,13.27,23.98,42.68,0.31,3,0,45,7.2,44.6,45,46.4,42,9,7.2,10.2,23
MMR009,Magway,မကွေးတိုင်းဒေသကြီး,MMR009004,Taungdwingyi,တောင်တွင်းကြီး,64,69,92,70,34.17,37.57,45.12,42.17,3,0,44.5,5.2,43,42.8,44.9,40.2,10.5,9.5,7.4,5.2
MMR009,Magway,မကွေးတိုင်းဒေသကြီး,MMR009005,Myothit,မြို့သစ်,66,77,88,1,24.66,40.9,44.75,0.56,3,0,45,14,42,43,43,35,14,16,14,13
MMR009,Magway,မကွေးတိုင်းဒေသကြီး,MMR009006,Natmauk,နတ်မောက်,50,59,70,unknown,24.67,31.06,37.58,unknown,3,0,45,10,40,42,45,32,16,15,10,13
MMR009,Magway,မကွေးတိုင်းဒေသကြီး,MMR009007,Minbu,မင်းဘူး,48,59,45,unknown,20.35,10.61,29.77,unknown,3,0,44.7,19.8,43,42.2,44.6,43.2,11,9.5,6.5,10.8
MMR009,Magway,မကွေးတိုင်းဒေသကြီး,MMR009008,Pwintbyu,ပွင့်ဖြူ,35,44,53,unknown,14.9,27.28,31.67,unknown,3,0,41,14,38,39,40,0,14,14,13,0
MMR009,Magway,မကွေးတိုင်းဒေသကြီး,MMR009009,Ngape,ငဖဲ,64,64,77,4,31.71,46.38,49.95,4.63,3,0,44,17,42,40,43,44,22,19,17,17
MMR009,Magway,မကွေးတိုင်းဒေသကြီး,MMR009010,Salin,စလင်း,45,51,67,unknown,14.21,28.62,37.6,unknown,3,0,44,8.3,41.5,43,44,41,12,10.2,8.3,10.5
MMR009,Magway,မကွေးတိုင်းဒေသကြီး,MMR009011,Sidoktaya,စေတုတ္တရာ,63,69,83,2,40.97,63.37,63.97,0.31,3,0,43,12,40,42,42,38,15,14,17,13
MMR009,Magway,မကွေးတိုင်းဒေသကြီး,MMR009012,Thayet,သရက်,unknown,unknown,unknown,unknown,unknown,unknown,unknown,unknown,3,0,42,14,0,0,0,0,0,0,0,0
MMR009,Magway,မကွေးတိုင်းဒေသကြီး,MMR009013,Minhla,မင်းလှ,50,59,69,54,27.43,40.99,38.36,33.64,3,0,43,5,43,45,45,44,13,15,15,15
MMR009,Magway,မကွေးတိုင်းဒေသကြီး,MMR009014,Mindon,မင်းတုန်း,75,88,103,unknown,48.16,68.88,69.25,unknown,2,1,43,10,41.9,41,43,0,10,11,11,0
MMR009,Magway,မကွေးတိုင်းဒေသကြီး,MMR009015,Kamma,ကံမ,70,73,77,2,35.42,54.91,37.36,3.94,2,1,43,12,43,42,42,42,16,15,18,0
MMR009,Magway,မကွေးတိုင်းဒေသကြီး,MMR009016,Aunglan,အောင်လံ,75,2,80,76,31.81,0.51,40.67,46.06,3,1,44.7,8.4,43.2,41.7,44.7,42.1,11.8,10.1,8.9,11.4
MMR009,Magway,မကွေးတိုင်းဒေသကြီး,MMR009017,Sinbaungwe,ဆင်ပေါင်ဝဲ,51,63,67,10,23.45,33.04,27.43,4.2,3,0,39,16,30,30,31,41,25,25,24,12
MMR009,Magway,မကွေးတိုင်းဒေသကြီး,MMR009018,Pakokku,ပခုက္ကူ,38,48,53,44,26.1,20.04,36.1,20.83,3,0,45.1,8.9,38.4,38,43.2,42,15.6,16.3,10.5,11.2
MMR009,Magway,မကွေးတိုင်းဒေသကြီး,MMR009019,Yesagyo,ရေစကြို,21,49,43,10,17.64,25.75,37,21.5,3,0,45,21,39,40,42,45,20,25,20,21
MMR009,Magway,မကွေးတိုင်းဒေသကြီး,MMR009020,Myaing,မြိုင်,34,49,47,41,23.33,26.96,34.28,26.49,3,0,43,13,39,40,43,40,13,15,14,18
MMR009,Magway,မကွေးတိုင်းဒေသကြီး,MMR009021,Pauk,ပေါက်,36,60,12,2,20.3,31.41,5.08,0.43,3,0,36.1,12,40,39.6,43,36.1,11,11.5,14,0
MMR009,Magway,မကွေးတိုင်းဒေသကြီး,MMR009022,Seikphyu,ဆိပ်ဖြူ,24,41,52,41,11.24,23.97,35.89,22.24,2,1,46,13,45,46,45,42,16,13,17,14
MMR009,Magway,မကွေးတိုင်းဒေသကြီး,MMR009023,Gangaw,ဂန့်ဂေါ,66,77,15,8,34.89,54.53,6.66,2.4,3,1,45,6.8,38.6,41.2,39.9,39.6,8.8,8,8,8
MMR009,Magway,မကွေးတိုင်းဒေသကြီး,MMR009024,Tilin,ထီးလင်း,54,73,80,3,33.06,54.48,55.75,0.74,2,1,44,12,39,37.78,44,35,13,13.89,12,13
MMR009,Magway,မကွေးတိုင်းဒေသကြီး,MMR009025,Saw,ဆော,62,67,79,1,35.35,51.47,55.48,1.09,2,1,38,10,37,36,37,38,10,15,10,10
MMR010,Mandalay,မန္တလေးတိုင်းဒေသကြီး,MMR010001,Aungmyaythazan,အောင်မြေသာဇံ,47,64,56,unknown,24.57,38.35,51.97,unknown,3,0,42,19,42.2,42.6,43.7,0,13.5,13,11,0
MMR010,Mandalay,မန္တလေးတိုင်းဒေသကြီး,MMR010002,Chanayethazan,ချမ်းအေးသာဇံ,47,64,56,1,24.57,38.35,51.97,0.55,3,0,43.7,10.3,42.2,42.6,43.7,40,13.5,13,11,10.3
MMR010,Mandalay,မန္တလေးတိုင်းဒေသကြီး,MMR010003,Mahaaungmyay,မဟာအောင်မြေ,unknown,unknown,unknown,unknown,unknown,unknown,unknown,unknown,Unknown,Unknown,Unknown,Unknown,Unknown,Unknown,Unknown,Unknown,Unknown,Unknown,Unknown,Unknown
MMR010,Mandalay,မန္တလေးတိုင်းဒေသကြီး,MMR010004,Chanmyathazi,ချမ်းမြသာစည်,40,59,56,2,16.46,37.72,51.97,0.55,3,0,45,10.8,39.6,42.6,43.7,38.5,16.6,10.8,12.5,10.3
MMR010,Mandalay,မန္တလေးတိုင်းဒေသကြီး,MMR010005,Pyigyitagon,ပြည်ကြီးတံခွန်,unknown,unknown,unknown,unknown,unknown,unknown,unknown,unknown,3,0,41.2,11.5,0,0,0,0,0,0,0,0
MMR010,Mandalay,မန္တလေးတိုင်းဒေသကြီး,MMR010006,Amarapura,အမရပူရ,37,46,49,3,27.5,35.43,33.96,2.55,2,1,42.3,14.5,40,42.3,42.3,40,19.5,13.5,14.5,19.5
MMR010,Mandalay,မန္တလေးတိုင်းဒေသကြီး,MMR010007,Patheingyi,ပုသိမ်ကြီး,45,58,60,2,35.45,38.46,51.21,0.55,3,0,36.9,29,42.2,38.7,43.7,38.5,13.5,16.3,11,10.3
MMR010,Mandalay,မန္တလေးတိုင်းဒေသကြီး,MMR010008,Pyinoolwin,ပြင်ဦးလွင်,89,83,100,1,57.5,46.27,56.42,0.59,1,1,35,1.5,32,33,35,31,3,4,1.5,6
MMR010,Mandalay,မန္တလေးတိုင်းဒေသကြီး,MMR010009,Madaya,မတ္တရာ,unknown,unknown,44,68,unknown,unknown,40.85,41.83,3,0,41,14.22,0,0,41,41,0,0,14.22,13.22
MMR010,Mandalay,မန္တလေးတိုင်းဒေသကြီး,MMR010010,Singu,စဉ့်ကူး,48,18,67,1,36.91,41.51,48.25,0.1,2,1,35,16,34,35,34,35,26,24,26,24
MMR010,Mandalay,မန္တလေးတိုင်းဒေသကြီး,MMR010011,Mogoke,မိုးကုတ်,127,148,149,131,83.03,110.55,96.18,104.13,1,1,35.7,0.5,34.5,35,35.4,34,2,3.5,2.1,2.7
MMR010,Mandalay,မန္တလေးတိုင်းဒေသကြီး,MMR010012,Thabeikkyin,သပိတ်ကျဉ်း,60,77,68,62,42.99,67.8,48.15,43.43,3,0,42,8,42,43,41,40,11,10,10,9
MMR010,Mandalay,မန္တလေးတိုင်းဒေသကြီး,MMR010013,Kyaukse,ကျောက်ဆည်,47,49,63,53,31.14,28.85,34.62,34,2,1,42.5,8.6,42,38.6,34,42.5,8.6,13.7,10.5,0
MMR010,Mandalay,မန္တလေးတိုင်းဒေသကြီး,MMR010014,Sintgaing,စဉ့်ကိုင်,26,29,37,unknown,24.19,26.63,33.73,unknown,2,1,38,26,38,38,38,0,28,28,28,0
MMR010,Mandalay,မန္တလေးတိုင်းဒေသကြီး,MMR010015,Myittha,မြစ်သား,unknown,unknown,unknown,unknown,unknown,unknown,unknown,unknown,3,0,41,12,0,0,0,0,0,0,0,0
MMR010,Mandalay,မန္တလေးတိုင်းဒေသကြီး,MMR010016,Tada-U,တံတားဦး,31,49,51,16,26.23,26.23,39.13,11.02,3,0,43,22,42,38,43,43,26,28,28,0
MMR010,Mandalay,မန္တလေးတိုင်းဒေသကြီး,MMR010017,Myingyan,မြင်းခြံ,39,58,56,48,20.16,33.78,40.34,26.53,3,0,43.3,9.8,43.7,43.9,46,43.3,11,11.5,9.6,9.8
MMR010,Mandalay,မန္တလေးတိုင်းဒေသကြီး,MMR010018,Taungtha,တောင်သာ,34,45,54,37,16.9,15.66,34.34,24.8,3,0,41.82,19.58,41.1,40.1,45,45,13.2,11.4,9,9
MMR010,Mandalay,မန္တလေးတိုင်းဒေသကြီး,MMR010019,Natogyi,နွားထိုးကြီး,42,43,47,38,22.93,27.86,45.07,30.29,3,0,41,14,40,41,43,42,14,15,18,18
MMR010,Mandalay,မန္တလေးတိုင်းဒေသကြီး,MMR010020,Kyaukpadaung,ကျောက်ပန်းတောင်း,44,58,62,39,22.54,31.27,42.92,26.8,3,0,40,12,28,28,35,32,20,20,20,20
MMR010,Mandalay,မန္တလေးတိုင်းဒေသကြီး,MMR010021,Ngazun,ငါန်းဇွန်,49,55,51,53,27.73,30.17,40.4,30.78,3,0,42,12,42,42,44,44,12,12,12,0
MMR010,Mandalay,မန္တလေးတိုင်းဒေသကြီး,MMR010022,Nyaung-U,ညောင်ဦး,48,34,42,47,40.34,18.35,31.38,24.06,3,0,45,12,40.8,44.3,45,44.5,11,10.6,20.4,11.1
MMR010,Mandalay,မန္တလေးတိုင်းဒေသကြီး,MMR010023,Yamethin,ရမည်းသင်း,65,62,96,53,43.11,33.03,97.56,27.13,3,0,45,6,42,41,45,43.6,9,8,6,6.1
MMR010,Mandalay,မန္တလေးတိုင်းဒေသကြီး,MMR010024,Pyawbwe,ပျော်ဘွယ်,58,73,81,57,27.8,27.32,44.82,28.94,2,1,41.6,8,40.3,40.3,40.3,41.6,7.9,7.9,7.9,8
MMR010,Mandalay,မန္တလေးတိုင်းဒေသကြီး,MMR010028,Meiktila,မိတ္ထီလာ,50,62,77,1,23.03,34.41,59.45,0.08,3,0,37.5,12.2,41,41,44,37.5,12.2,11.1,10.8,12.2
MMR010,Mandalay,မန္တလေးတိုင်းဒေသကြီး,MMR010029,Mahlaing,မလှိုင်,38,48,68,42,15.72,23.18,38.48,23.09,3,0,42,32,39,39,39,39,30,32,32,29
MMR010,Mandalay,မန္တလေးတိုင်းဒေသကြီး,MMR010030,Thazi,သာစည်,51,45,45,48,27.92,23.2,40.57,32.57,3,0,43,11,42,42,42,42,16,14,11,16
MMR010,Mandalay,မန္တလေးတိုင်းဒေသကြီး,MMR010031,Wundwin,ဝမ်းတွင်း,48,62,66,unknown,20.71,32.68,49.37,unknown,3,0,36.6,29.4,37,38.2,37.1,0,16.3,15.8,16,0
MMR011,Mon,မွန်ပြည်နယ်,MMR011001,Mawlamyine,မော်လမြိုင်,unknown,unknown,118,108,unknown,unknown,150.04,126.43,2,1,38.7,19,0,0,0,41.2,0,0,0,12.8
MMR011,Mon,မွန်ပြည်နယ်,MMR011002,Kyaikmaraw,ကျိုက္မရော,unknown,unknown,115,116,unknown,unknown,147.22,144.87,2,1,37.1,16,0,0,37.5,37.5,0,0,17,17
MMR011,Mon,မွန်ပြည်နယ်,MMR011003,Chaungzon,ချောင်းဆုံ,unknown,unknown,unknown,unknown,unknown,unknown,unknown,unknown,2,1,30,23,0,0,0,0,0,0,0,0
MMR011,Mon,မွန်ပြည်နယ်,MMR011004,Thanbyuzayat,သံဖြူဇရပ်,unknown,unknown,unknown,unknown,unknown,unknown,unknown,unknown,2,1,36.1,12.2,0,0,36.1,34.3,0,0,12.2,18.1
MMR011,Mon,မွန်ပြည်နယ်,MMR011005,Mudon,မုဒုံ,unknown,unknown,311,132,unknown,unknown,137.81,136.56,2,1,0,0,0,0,38.7,37.5,0,0,11.5,11
MMR011,Mon,မွန်ပြည်နယ်,MMR011006,Ye,ရေး,unknown,unknown,unknown,127,unknown,unknown,unknown,178.78,2,1,39.5,12.5,0,0,0,0,0,0,0,0
MMR011,Mon,မွန်ပြည်နယ်,MMR011007,Thaton,သထုံ,unknown,unknown,unknown,unknown,unknown,unknown,unknown,186.6,2,1,41.1,9,0,0,0,33.9,0,0,0,23.8
MMR011,Mon,မွန်ပြည်နယ်,MMR011008,Paung,ပေါင်,unknown,unknown,136,115,unknown,unknown,187.27,191.46,2,1,38,20,0,0,0,0,0,0,0,0
MMR011,Mon,မွန်ပြည်နယ်,MMR011009,Kyaikto,ကျိုက်ထို,unknown,unknown,134,1,unknown,unknown,130.59,0.08,2,1,44,13,0,0,41.7,40.8,0,0,13,13
MMR011,Mon,မွန်ပြည်နယ်,MMR011010,Bilin,ဘီးလင်း,unknown,unknown,139,145,unknown,unknown,175.8,170.43,2,1,40.2,11.7,0,0,40.2,40,0,0,11.7,16.1
MMR012,Rakhine,ရခိုင်ပြည်နယ်,MMR012001,Sittwe,စစ်တွေ,119,115,119,9,215.25,219.12,215.25,48.55,3,1,34.5,14,34.5,33.2,34.5,34.5,14.8,13.7,14.8,14.8
MMR012,Rakhine,ရခိုင်ပြည်နယ်,MMR012002,Ponnagyun,ပုဏ္ဏားကျွန်း,138,108,108,106,200.21,149.23,149.23,195.33,2,1,36,13,32.5,36,36,36.1,13,13,13,13
MMR012,Rakhine,ရခိုင်ပြည်နယ်,MMR012003,Mrauk-U,မြောက်ဦး,109,114,124,129,120.56,190.66,130.03,156.56,2,1,40,15,41.5,40.5,39,38.3,10.5,10.5,8.5,11
MMR012,Rakhine,ရခိုင်ပြည်နယ်,MMR012004,Kyauktaw,ကျောက်တော်,115,121,117,109,152.16,222.55,152.44,185.9,2,1,41.2,5.6,41.2,40.4,40.4,42.5,10.5,5.6,9.5,9
MMR012,Rakhine,ရခိုင်ပြည်နယ်,MMR012005,Minbya,မင်းပြား,128,114,133,135,117.44,108.4,147.69,195.94,2,1,32.6,14,34.4,34.5,39,32.6,13,12.3,12,24
MMR012,Rakhine,ရခိုင်ပြည်နယ်,MMR012006,Myebon,မြေပုံ,unknown,unknown,126,110,unknown,unknown,179.17,166.14,2,1,37,15.7,0,0,30,30,0,0,25,25
MMR012,Rakhine,ရခိုင်ပြည်နယ်,MMR012007,Pauktaw,ပေါက်တော,108,121,121,9,252.4,282.9,237.84,5.32,2,1,38,15,38,38,38,38,15,15,15,15
MMR012,Rakhine,ရခိုင်ပြည်နယ်,MMR012008,Rathedaung,ရသေ့တောင်,135,137,106,102,179,180.5,188.02,173.55,2,1,38,17,37,32,32,36,18,17,17,17
MMR012,Rakhine,ရခိုင်ပြည်နယ်,MMR012009,Maungdaw,မောင်တော,101,127,122,115,159.41,228.93,201.39,167.42,2,1,38,9,39,39,39.3,39.3,9.5,9.5,9.5,9.5
MMR012,Rakhine,ရခိုင်ပြည်နယ်,MMR012010,Buthidaung,ဘူးသီးတောင်,99,106,104,14,156.06,213.53,137.5,14.04,2,1,46,10,40,40,46,40,10,10,10,10
MMR012,Rakhine,ရခိုင်ပြည်နယ်,MMR012011,Kyaukpyu,ကျောက်ဖြူ,118,136,127,133,186.2,218.52,193.98,226.3,2,1,36.82,15.5,36,35.8,33.7,36.2,14,14,13,15.5
MMR012,Rakhine,ရခိုင်ပြည်နယ်,MMR012012,Munaung,မာန်အောင်,135,142,149,149,150.64,166.89,188.11,183.24,2,1,36.5,12,36.5,35,36,34,0.75,12,14.7,13
MMR012,Rakhine,ရခိုင်ပြည်နယ်,MMR012013,Ramree,ရမ်းဗြဲ,114,123,127,136,142.39,210.9,186.15,255.64,2,1,37.25,25.33,30,32,30,30,27,27,18,27
MMR012,Rakhine,ရခိုင်ပြည်နယ်,MMR012014,Ann,အမ်း,118,129,130,133,114.78,198.23,157.75,186.71,2,1,40,10,41,41,35.5,40.5,3.3,3.5,14,10
MMR012,Rakhine,ရခိုင်ပြည်နယ်,MMR012015,Thandwe,သံတွဲ,122,126,166,65,185.45,173.36,180.83,136.51,2,1,37,6.5,33.3,32.8,32.6,33.1,12.6,21.1,20.7,20.3
MMR012,Rakhine,ရခိုင်ပြည်နယ်,MMR012016,Toungup,တောင်ကုတ်,121,104,125,134,170.04,171.7,160.91,183.86,2,1,36.4,28,35.9,36.4,27,36,18,14.4,38.8,0
MMR012,Rakhine,ရခိုင်ပြည်နယ်,MMR012017,Gwa,ဂွ,112,124,122,16,163.77,177.78,176.14,8.73,2,1,34.7,9.1,34.7,35.8,31.4,31.4,11,11.3,22.3,22.7
MMR013,Yangon,ရန်ကုန်ဒေသကြီး,MMR013001,Insein,အင်းစိန်,124,127,122,126,78,80,76,79,2,1,40,20,41,39,42,40,20,19,20,20
MMR013,Yangon,ရန်ကုန်ဒေသကြီး,MMR013002,Mingaladon,မင်္ဂလာဒုံ,115,130,126,117,99.89,105,104,101.93,2,1,39,15.5,37,35,38,39,15,14.9,15.4,15.5
MMR013,Yangon,ရန်ကုန်ဒေသကြီး,MMR013003,Hmawbi,မှော်ဘီ,113,124,124,115,73.47,76.21,73.24,97.2,2,1,40,19,39.5,40,41.2,40,13,13.5,12,19
MMR013,Yangon,ရန်ကုန်ဒေသကြီး,MMR013004,Hlegu,လှည်းကူး,112,112,111,100,110.13,107.53,98.61,102.98,2,1,38,20,35,38,35,34,20,25,25,20
MMR013,Yangon,ရန်ကုန်ဒေသကြီး,MMR013005,Taikkyi,တိုက်ကြီး,105,108,125,122,103.25,90.3,111.2,109.8,2,1,37,24,34,32,34,34,30,23,24,24
MMR013,Yangon,ရန်ကုန်ဒေသကြီး,MMR013006,Htantabin,ထန်းတပင်,116,125,116,106,126.68,131.53,144.13,124.09,2,1,38,30,34,34,40,40,32,30,36,36
MMR013,Yangon,ရန်ကုန်ဒေသကြီး,MMR013007,Shwepyithar,ရွှေပြည်သာ,103,106,107,116,70.88,84.91,87.78,85.89,2,1,38,30,34,34,37,38,30,30,30,30
MMR013,Yangon,ရန်ကုန်ဒေသကြီး,MMR013008,Hlaingtharya,လှိုင်သာယာ,131,128,113,126,61.25,58.53,48.45,56.97,2,1,41,27,40,39,40,41,26,25,26,27
MMR013,Yangon,ရန်ကုန်ဒေသကြီး,MMR013009,Thingangyun,သင်္ဃန်းကျွန်း,81,80,80,unknown,89.7,89,89,unknown,2,1,40,24,40,40,41,0,23.88,23.88,24,0
MMR013,Yangon,ရန်ကုန်ဒေသကြီး,MMR013010,Yankin,ရန်ကင်း,70,78,78,unknown,80,80,80,unknown,2,1,40,23.78,40,40,40,0,29,60,35,0
MMR013,Yangon,ရန်ကုန်ဒေသကြီး,MMR013011,South Okkalapa,တောင်ဥက္ကလာပ,95,103,101,unknown,116.3,79.2,138.85,unknown,2,1,41,13,40.2,40.8,41.1,0,13.2,13.2,13.5,13.8
MMR013,Yangon,ရန်ကုန်ဒေသကြီး,MMR013012,North Okkalapa,မြောက်ဥက္ကလာပ,91,92,90,unknown,102,105,101,unknown,2,1,35,24,34,34,35,0,24,22,24,0
MMR013,Yangon,ရန်ကုန်ဒေသကြီး,MMR013013,Thaketa,သာကေတ,105,110,105,unknown,99.2,97.8,98.8,unknown,2,1,40,16,39,40,39.9,0,15,16,17,0
MMR013,Yangon,ရန်ကုန်ဒေသကြီး,MMR013014,Dawbon,ဒေါပုံ,90,114,95,unknown,89.5,95.5,90.5,unknown,2,1,40,21,39,37,39,0,23,21,23,0
MMR013,Yangon,ရန်ကုန်ဒေသကြီး,MMR013015,Tamwe,တာမွေ,unknown,unknown,unknown,131,unknown,unknown,unknown,101.7,2,1,36,20,0,0,0,36,0,0,0,20
MMR013,Yangon,ရန်ကုန်ဒေသကြီး,MMR013016,Pazundaung,ပုဇွန်တောင်,99,114,113,unknown,88.1,113.31,112.8,unknown,2,1,39,24,38.85,40.8,39.9,0,36.08,23.5,24,0
MMR013,Yangon,ရန်ကုန်ဒေသကြီး,MMR013017,Botahtaung,ဗိုလ်တထောင်,88,85,95,unknown,92.9,92.8,90.5,unknown,2,1,50,23,45,44,39,0,30,35,23,0
MMR013,Yangon,ရန်ကုန်ဒေသကြီး,MMR013018,Dagon Myothit (South),ဒဂုံမြို့သစ်တောင်ပိုင်း,87,100,97,unknown,138.39,110.31,150.24,unknown,2,1,31,23,31,40.8,37.7,0,23,13.5,19,0
MMR013,Yangon,ရန်ကုန်ဒေသကြီး,MMR013019,Dagon Myothit (North),ဒဂုံမြို့သစ်မြောက်ပိုင်း,90,91,53,87,103.57,69.7,75.69,105.58,2,1,30,22,36,38,40,36,27,26,25,25
MMR013,Yangon,ရန်ကုန်ဒေသကြီး,MMR013020,Dagon Myothit (East),ဒဂုံမြို့သစ်အရှေ့ပိုင်း,136,103,105,unknown,116.25,80,82,unknown,2,1,36,22,30,30,30,0,24,25,24,0
MMR013,Yangon,ရန်ကုန်ဒေသကြီး,MMR013021,Dagon Myothit (Seikkan),ဒဂုံမြို့သစ်ဆိပ်ကမ်း,59,118,110,80,187.5,102.5,105.27,100.2,2,1,42,16,42,40,45,31,18,12.5,15,23
MMR013,Yangon,ရန်ကုန်ဒေသကြီး,MMR013022,Mingalartaungnyunt,မင်္ဂလာတောင်ညွန့်,unknown,unknown,unknown,103,unknown,unknown,unknown,101.21,2,1,40.7,25.5,0,0,0,40.7,0,0,0,25.5
MMR013,Yangon,ရန်ကုန်ဒေသကြီး,MMR013023,Thanlyin,သန်လျှင်,unknown,108,101,unknown,unknown,112.43,105.84,unknown,2,1,39.45,23.8,0,38.75,39.45,0,0,23.84,23.8,0
MMR013,Yangon,ရန်ကုန်ဒေသကြီး,MMR013024,Kyauktan,ကျောက်တန်း,116,118,128,unknown,107.95,125.19,139.65,unknown,2,1,44.1,7.7,36.35,38.6,38.67,0,22.35,25.3,25.6,0
MMR013,Yangon,ရန်ကုန်ဒေသကြီး,MMR013025,Thongwa,သုံးခွ,unknown,unknown,unknown,131,unknown,unknown,unknown,134.87,2,1,42.5,15.1,0,0,0,42.5,0,0,0,13.2
MMR013,Yangon,ရန်ကုန်ဒေသကြီး,MMR013026,Kayan,ခရမ်း,127,129,137,128,132.25,136.87,126.34,126.35,2,1,40.5,12,40.5,40.2,42.5,39.6,13.1,17.5,13.2,15.1
MMR013,Yangon,ရန်ကုန်ဒေသကြီး,MMR013027,Twantay,တွံတေး,89,85,95,97,124.24,92.31,131.98,132.09,2,1,44,10,38.11,42.16,39.1,40.11,15.1,15.11,16.23,16.22
MMR013,Yangon,ရန်ကုန်ဒေသကြီး,MMR013028,Kawhmu,ကော့မှုး,110,111,111,unknown,112.87,114.09,100.16,unknown,2,1,36,29,33.48,35.58,35.8,0,19.79,19.92,19.9,0
MMR013,Yangon,ရန်ကုန်ဒေသကြီး,MMR013029,Kungyangon,ကွမ်းခြံကုန်း,120,119,125,unknown,102.77,94.79,115.19,unknown,2,1,38,21,34.6,38.5,36,38,20.4,20,21,21
MMR013,Yangon,ရန်ကုန်ဒေသကြီး,MMR013030,Dala,ဒလ,100,100,100,unknown,88.53,88.53,88.53,unknown,2,1,40,32,32,36,41,0,20,18,32,0
MMR013,Yangon,ရန်ကုန်ဒေသကြီး,MMR013031,Seikgyikanaungto,ဆိပ်ကြီးခနောင်တို,unknown,unknown,unknown,135,unknown,unknown,unknown,92.21,2,1,40,18,0,0,0,40,0,0,0,18
MMR013,Yangon,ရန်ကုန်ဒေသကြီး,MMR013032,Cocokyun,ကိုကိုးကျွန်း,unknown,unknown,unknown,20,unknown,unknown,unknown,13.89,2,1,34,18,0,0,0,32,0,0,0,19
MMR013,Yangon,ရန်ကုန်ဒေသကြီး,MMR013033,Kyauktada,ကျောက်တံတား,unknown,unknown,unknown,101,unknown,unknown,unknown,79,2,1,40,27,0,0,0,40,0,0,0,27
MMR013,Yangon,ရန်ကုန်ဒေသကြီး,MMR013034,Pabedan,ပန်းပဲတန်း,unknown,unknown,unknown,105,unknown,unknown,unknown,100,2,1,40,23.88,0,0,0,39,0,0,0,12
MMR013,Yangon,ရန်ကုန်ဒေသကြီး,MMR013035,Lanmadaw,လမ်းမတော်,unknown,unknown,unknown,100,unknown,unknown,unknown,104.1,2,1,39.8,18,0,0,0,40,0,0,0,12
MMR013,Yangon,ရန်ကုန်ဒေသကြီး,MMR013036,Latha,လသာ,unknown,unknown,unknown,136,unknown,unknown,unknown,104.71,2,1,40,12,0,0,0,37,0,0,0,15
MMR013,Yangon,ရန်ကုန်ဒေသကြီး,MMR013037,Ahlone,အလုံ,unknown,unknown,unknown,100,unknown,unknown,unknown,100,2,1,40,12,0,0,0,39,0,0,0,12
MMR013,Yangon,ရန်ကုန်ဒေသကြီး,MMR013038,Kyeemyindaing,ကြည့်မြင်တိုင်,unknown,unknown,101,101,unknown,unknown,111,100,2,1,38.1,16.8,0,0,36.8,36.8,0,0,17.4,17.4
MMR013,Yangon,ရန်ကုန်ဒေသကြီး,MMR013039,Sanchaung,စမ်းချောင်း,unknown,unknown,unknown,100,unknown,unknown,unknown,99.2,2,1,36,22,0,0,0,38,0,0,0,15
MMR013,Yangon,ရန်ကုန်ဒေသကြီး,MMR013040,Hlaing,လှိုင်,unknown,unknown,unknown,131,unknown,unknown,unknown,102.64,2,1,30,28,0,0,0,40,0,0,0,12
MMR013,Yangon,ရန်ကုန်ဒေသကြီး,MMR013041,Kamaryut,ကမာရွတ်,unknown,unknown,unknown,128,unknown,unknown,unknown,109.3,2,1,41,13,0,0,0,41,0,0,0,13
MMR013,Yangon,ရန်ကုန်ဒေသကြီး,MMR013042,Mayangone,မရမ်းကုန်း,unknown,unknown,unknown,114,unknown,unknown,unknown,101.96,2,1,38,15,0,0,0,38,0,0,0,15
MMR013,Yangon,ရန်ကုန်ဒေသကြီး,MMR013043,Dagon,ဒဂုံ,unknown,unknown,unknown,150,unknown,unknown,unknown,120,2,1,40,23,0,0,0,38,0,0,0,23
MMR013,Yangon,ရန်ကုန်ဒေသကြီး,MMR013044,Bahan,ဗဟန်း,unknown,unknown,unknown,120,unknown,unknown,unknown,123.46,2,1,40.2,11.5,0,0,0,40,0,0,0,12
MMR013,Yangon,ရန်ကုန်ဒေသကြီး,MMR013045,Seikkan,ဆိပ်ကမ်း,unknown,unknown,100,80,unknown,unknown,85,85,2,1,40,16,0,0,38,40,0,0,18,18
MMR222,Shan,ရှမ်းပြည်နယ်,MMR014001,Taunggyi,တောင်ကြီး,unknown,unknown,unknown,113,unknown,unknown,unknown,52.83,1,1,34,4.5,0,0,0,33,0,0,0,7
MMR222,Shan,ရှမ်းပြည်နယ်,MMR014002,Nyaungshwe,ညောင်ရွှေ,unknown,unknown,unknown,68,unknown,unknown,unknown,43.25,2,1,31.75,14.67,0,0,0,37,0,0,0,10
MMR222,Shan,ရှမ်းပြည်နယ်,MMR014003,Hopong,ဟိုပုံး,71,71,85,75,43.78,43.78,48.74,40.39,1,1,39,6,35,35,42,34,8,8,10,20
MMR222,Shan,ရှမ်းပြည်နယ်,MMR014004,Hsihseng,ဆီဆိုင်,71,79,74,94,55.52,56.32,58.28,55.59,2,1,32,13,33,32,37,30,15,15,7,19
MMR222,Shan,ရှမ်းပြည်နယ်,MMR014005,Kalaw,ကလော,91,79,65,84,39.72,30.45,41.54,34.51,1,1,37.4,0,36,34.4,36,36.6,0.6,0,5,2.2
MMR222,Shan,ရှမ်းပြည်နယ်,MMR014006,Pindaya,ပင်းတယ,70,81,82,94,33.89,33.64,38.22,41.68,2,1,34,1,25,23,34,30,7,11,9,11
MMR222,Shan,ရှမ်းပြည်နယ်,MMR014007,Ywangan,ရွာငံ,unknown,unknown,unknown,113,unknown,unknown,unknown,70.39,1,1,36,3,0,0,0,26,0,0,0,17
MMR222,Shan,ရှမ်းပြည်နယ်,MMR014008,Lawksawk,ရပ်စောက်,unknown,unknown,unknown,58,unknown,unknown,unknown,24.07,2,1,40,4,0,0,0,40,0,0,0,4
MMR222,Shan,ရှမ်းပြည်နယ်,MMR014009,Pinlaung,ပင်လောင်း,unknown,unknown,unknown,124,unknown,unknown,unknown,79.41,2,1,30.6,7.7,0,0,0,31.3,0,0,0,7.7
MMR222,Shan,ရှမ်းပြည်နယ်,MMR014010,Pekon,ဖယ်ခုံ,62,59,73,69,32.29,27.3,28.27,33.45,2,1,35,8,37,38,38,35,11,10,9,13
MMR222,Shan,ရှမ်းပြည်နယ်,MMR014011,Loilen,လွိုင်လင်,106,101,106,72,53.43,46.14,47.63,52.87,2,1,26,-6,34,33,35,32,0,1.5,-1.2,10
MMR222,Shan,ရှမ်းပြည်နယ်,MMR014012,Laihka,လဲချား,95,97,95,76,43.43,44.68,37.15,39.58,2,1,36,7,37,40,41,36,9,10,8,7
MMR222,Shan,ရှမ်းပြည်နယ်,MMR014013,Nansang,နမ့်စန်,106,118,111,81,54.49,56.97,53.9,47.48,1,1,36.1,-1,36.9,29.9,39.7,32.2,2.3,2.9,-1.4,17.2
MMR222,Shan,ရှမ်းပြည်နယ်,MMR014014,Kunhing,ကွန်ဟိန်း,88,102,86,unknown,62.78,66.92,61.56,unknown,2,1,24,13,22,22,24,0,14,13,13,0
MMR222,Shan,ရှမ်းပြည်နယ်,MMR014015,Kyethi,ကျေးသီး,107,112,117,103,54.36,69.68,69.72,62.67,1,1,35.33,3.8,32,33.16,33.2,28,5.13,5.97,6.87,18
MMR222,Shan,ရှမ်းပြည်နယ်,MMR014016,Mongkaing,မိုင်းကိုင်,79,93,91,70,47.65,48.51,51.66,66.37,2,1,34,6,28.97,30,37,32,12,7,7,10
MMR222,Shan,ရှမ်းပြည်နယ်,MMR014017,Monghsu,မိုင်းရှုး,101,110,116,6,115.91,78.7,72.46,3.54,2,1,31,19,30,30,30,31,19,19,19,19
MMR222,Shan,ရှမ်းပြည်နယ်,MMR014018,Langkho,လင်းခေး,unknown,52,54,39,unknown,25.35,35.7,36.66,2,1,40,25,0,43,43,43,0,11,11,11
MMR222,Shan,ရှမ်းပြည်နယ်,MMR014019,Mongnai,မိုးနဲ,unknown,unknown,81,59,unknown,unknown,48.37,33.88,2,1,38,9,0,,36,38,0,0,3,9
MMR222,Shan,ရှမ်းပြည်နယ်,MMR014020,Mawkmai,မောက်မယ်,58,50,54,32,25.77,22.58,27.91,19.17,2,1,37,5,38,39,43,37,17,19,7,12
MMR222,Shan,ရှမ်းပြည်နယ်,MMR014021,Mongpan,မိုင်းပန်,77,70,70,50,43.59,37.23,37.91,26.59,2,1,39.3,6.72,37,30,41,35.55,10,16,9,18.33
MMR222,Shan,ရှမ်းပြည်နယ်,MMR015001,Lashio,လားရှိုး,79,101,107,64,44.2,52.58,58.5,97.84,1,1,38,3,39.2,36,37.9,35,1.2,4,3,9
MMR222,Shan,ရှမ်းပြည်နယ်,MMR015002,Hseni,သိန်းနီ,66,64,89,85,57.78,50.26,71.94,64.6,2,1,30,7,37,34,35,36,9,9,7,10
MMR222,Shan,ရှမ်းပြည်နယ်,MMR015003,Mongyai,မိုင်းရယ်,unknown,93,109,84,unknown,39.37,37.6,31.04,2,1,35,2,0,34,35,34,0,2,3,2
MMR222,Shan,ရှမ်းပြည်နယ်,MMR015004,Tangyan,တန့်ယန်း,unknown,unknown,unknown,195,unknown,unknown,unknown,113.48,2,1,32,4,0,0,0,35,0,0,0,6
MMR222,Shan,ရှမ်းပြည်နယ်,MMR015005,Pangsang,ပန်ဆန်း,unknown,unknown,unknown,unknown,unknown,unknown,unknown,unknown,Unknown,Unknown,Unknown,Unknown,Unknown,Unknown,Unknown,Unknown,Unknown,Unknown,Unknown,Unknown
MMR222,Shan,ရှမ်းပြည်နယ်,MMR015006,Narphan,နားဖန့်,unknown,unknown,unknown,unknown,unknown,unknown,unknown,unknown,Unknown,Unknown,Unknown,Unknown,Unknown,Unknown,Unknown,Unknown,Unknown,Unknown,Unknown,Unknown
MMR222,Shan,ရှမ်းပြည်နယ်,MMR015007,Pangwaun,ပန်ဝိုင်း,unknown,unknown,unknown,unknown,unknown,unknown,unknown,unknown,Unknown,Unknown,Unknown,Unknown,Unknown,Unknown,Unknown,Unknown,Unknown,Unknown,Unknown,Unknown
MMR222,Shan,ရှမ်းပြည်နယ်,MMR015008,Mongmao,မိုင်းမော,unknown,unknown,unknown,unknown,unknown,unknown,unknown,unknown,Unknown,Unknown,Unknown,Unknown,Unknown,Unknown,Unknown,Unknown,Unknown,Unknown,Unknown,Unknown
MMR222,Shan,ရှမ်းပြည်နယ်,MMR015009,Muse,မူဆယ်,81,81,97,79,51.02,49.84,57.66,49.23,2,1,35,5,35,29,34,36,10,9,4,7
MMR222,Shan,ရှမ်းပြည်နယ်,MMR015010,Namhkan,နမ့်ခမ်း,83,110,106,6,43.59,55.91,67.32,1.58,2,1,37,5,37,36,37,30,5,5,5,5
MMR222,Shan,ရှမ်းပြည်နယ်,MMR015011,Kutkai,ကွတ်ခိုင်,118,113,89,87,63.73,62.75,60.91,54.26,1,1,37,-3,35,34,35,35,-1,-4,-4,-3
MMR222,Shan,ရှမ်းပြည်နယ်,MMR015012,Kyaukme,ကျောက်မဲ,72,86,106,71,44.14,57.28,51.86,40.52,2,1,37,5,22.5,37.5,39,37,6,5,4.2,5
MMR222,Shan,ရှမ်းပြည်နယ်,MMR015013,Nawnghkio,နောင်ချို,unknown,unknown,91,25,unknown,unknown,42.82,18.14,2,1,32.3,7.8,0,0,34,34,0,0,6,6
MMR222,Shan,ရှမ်းပြည်နယ်,MMR015014,Hsipaw,သီပေါ,70,89,85,71,47.83,56.62,51.65,46.41,2,1,42,14,41,41,41,33,5,6,6,8
MMR222,Shan,ရှမ်းပြည်နယ်,MMR015015,Namtu,နမ္မတူ,14,101,95,75,47.05,68.14,70.88,48.67,2,1,34,8,37,39,40,39,6,8,8,8
MMR222,Shan,ရှမ်းပြည်နယ်,MMR015016,Namhsan,နမ့်ဆန်,104,123,132,117,57.08,72.45,74.74,59.09,1,1,25,8,27,28,29,0,10,9,9,0
MMR222,Shan,ရှမ်းပြည်နယ်,MMR015017,Mongmit,မိုးမိတ်,48,69,72,56,34.35,49.13,46.1,33.07,2,1,41,7.3,38.7,39.09,40,38,10.1,7.3,8,0
MMR222,Shan,ရှမ်းပြည်နယ်,MMR015018,Mabein,မဘိမ်း,70,64,83,69,39.63,46.5,41.54,30,2,1,41.4,12.4,44,43,42,42,12,12,19,0
MMR222,Shan,ရှမ်းပြည်နယ်,MMR015019,Manton,မန်တုန်,89,118,123,1,49.74,66.32,68.7,0.34,1,1,36,0,36,34,34,34,5.4,3,3,0
MMR222,Shan,ရှမ်းပြည်နယ်,MMR015020,Kunlong,ကွမ်းလုံ,unknown,unknown,unknown,114,unknown,unknown,unknown,66.94,2,1,31,15,0,0,0,31,0,0,0,10
MMR222,Shan,ရှမ်းပြည်နယ်,MMR015021,Hopang,ဟိုပန်,78,95,94,80,60.88,48.61,43.05,51.12,2,1,38,8,38,38,23,35,10,10,11,10
MMR222,Shan,ရှမ်းပြည်နယ်,MMR015022,Laukkaing,လောက်ကိုင်,unknown,unknown,unknown,113,unknown,unknown,unknown,63.18,2,1,32,10,0,0,0,36,0,0,0,10
MMR222,Shan,ရှမ်းပြည်နယ်,MMR015023,Konkyan,ကုန်းကြမ်း,88,56,89,62,56.65,33.06,42.39,32.16,1,1,33,22,30,32,32,33,20,21,21,22
MMR222,Shan,ရှမ်းပြည်နယ်,MMR015024,Matman,မက်မန်း,119,127,111,55,84.43,78.63,82.48,33.89,2,1,33,2,32,32,32,33,2,2,8,12
MMR222,Shan,ရှမ်းပြည်နယ်,MMR016001,Kengtung,ကျိုင်းတုံ,91,98,93,65,48.03,49.97,71.13,40.39,2,1,39.6,5.8,30.1,33.9,36.2,35.1,17.4,10.8,94,8
MMR222,Shan,ရှမ်းပြည်နယ်,MMR016002,Mongkhet,မိုင်းခတ်,73,84,86,75,39.86,59.01,50.68,39.44,2,1,35,4,35,35,35,30,4,5,5,4
MMR222,Shan,ရှမ်းပြည်နယ်,MMR016003,Mongyang,မိုင်းယန်း,91,106,94,unknown,42.92,48.73,38.77,unknown,1,1,36,3,36,36,36,0,3,3,3,0
MMR222,Shan,ရှမ်းပြည်နယ်,MMR016005,Mongla,မိုင်းလား,unknown,unknown,unknown,unknown,unknown,unknown,unknown,unknown,,,,0,0,0,0,0,0,0,0,0
MMR222,Shan,ရှမ်းပြည်နယ်,MMR016006,Monghsat,မိုင်းဆတ်,unknown,unknown,unknown,70,unknown,unknown,unknown,40.47,2,1,30.9,17.4,0,0,0,30.9,0,0,0,17.4
MMR222,Shan,ရှမ်းပြည်နယ်,MMR016007,Mongping,မိုင်းပျင်း,83,81,13,63,37.75,38.51,3.67,31.63,2,1,33,10,33,34,34,34,11,11,11,11
MMR222,Shan,ရှမ်းပြည်နယ်,MMR016008,Mongton,မိုင်းတုံ,unknown,unknown,unknown,38,unknown,unknown,unknown,37.35,1,1,39,12,0,0,0,0,0,0,0,12
MMR222,Shan,ရှမ်းပြည်နယ်,MMR016009,Tachileik,တာချီလိတ်,unknown,unknown,81,74,unknown,unknown,74.07,70.6,1,1,36,11,0,0,36,36,0,0,11,12
MMR222,Shan,ရှမ်းပြည်နယ်,MMR016010,Monghpyak,မိုင်းဖြတ်,90,95,95,99,98.31,62.85,64.93,70.49,2,1,37,13,33,33,37,37,13,13,13,13
MMR222,Shan,ရှမ်းပြည်နယ်,MMR016011,Mongyawng,မိုင်းယောင်း,unknown,unknown,unknown,65,unknown,unknown,unknown,33.7,2,1,33,11,0,0,0,33,0,0,0,11
MMR017,Ayeyarwady,ဧရာဝတီတိုင်းဒေသကြီး,MMR017001,Pathein,ပုသိမ်,133,134,132,118,121.82,121.12,141.69,88.78,2,1,37.7,17.8,40,40.32,41.4,40,12,23.4,14.5,12
MMR017,Ayeyarwady,ဧရာဝတီတိုင်းဒေသကြီး,MMR017002,Kangyidaunt,ကန်ကြီးထောင့်,115,116,123,98,99.2,92.27,108.9,69.99,2,1,32,13,32,34,39,39,13,13,15,15
MMR017,Ayeyarwady,ဧရာဝတီတိုင်းဒေသကြီး,MMR017003,Thabaung,သာပေါင်း,113,120,127,76,99.81,97.38,130.29,18.6,2,1,35,24,34,36,37,37,22,23,24,25
MMR017,Ayeyarwady,ဧရာဝတီတိုင်းဒေသကြီး,MMR017004,Ngapudaw,ငပုတော,unknown,89,123,69,unknown,95,122.61,unknown,2,1,31.41,18.57,0,37,35,0,0,22,24,0
MMR017,Ayeyarwady,ဧရာဝတီတိုင်းဒေသကြီး,MMR017005,Kyonpyaw,ကျုံပျော်,101,105,114,81,80.11,94.18,106.57,67.23,2,1,39,18,35,41,41,35,22,39,15,22
MMR017,Ayeyarwady,ဧရာဝတီတိုင်းဒေသကြီး,MMR017006,Yegyi,ရေကြည်,106,109,122,103,100.21,99.48,120.62,85.64,2,1,42,8,40.2,40.8,42.2,41,15,14,11,14.4
MMR017,Ayeyarwady,ဧရာဝတီတိုင်းဒေသကြီး,MMR017007,Kyaunggon,ကျောင်းကုန်း,unknown,unknown,unknown,92,unknown,unknown,unknown,60.65,2,1,37,18,0,0,0,37,0,0,0,18
MMR017,Ayeyarwady,ဧရာဝတီတိုင်းဒေသကြီး,MMR017008,Hinthada,ဟင်္သာတ,113,120,110,61,87.24,90,101.29,72.17,2,1,41,10,42.4,43,36,42.4,9.3,9.2,18,11.6
MMR017,Ayeyarwady,ဧရာဝတီတိုင်းဒေသကြီး,MMR017009,Zalun,ဇလွန်,114,105,115,125,93.15,93.69,74.99,96.08,2,1,41.8,7.5,40,40.3,40.7,38.5,8.3,9.5,9.5,11.5
MMR017,Ayeyarwady,ဧရာဝတီတိုင်းဒေသကြီး,MMR017010,Lemyethna,လေးမျက်နှာ,122,92,96,99,125.75,91.17,113.61,106.23,2,1,34,12,40,37,34,37,14,8,12,12
MMR017,Ayeyarwady,ဧရာဝတီတိုင်းဒေသကြီး,MMR017011,Myanaung,မြန်အောင်,73,80,86,86,33.79,51.18,52.2,unknown,2,1,27,19,29,30,38,30,24,25,12,12
MMR017,Ayeyarwady,ဧရာဝတီတိုင်းဒေသကြီး,MMR017012,Kyangin,ကြံခင်း,78,94,93,unknown,56.89,66.69,59.94,unknown,2,1,38,21,38,44,43,0,21,27,19,0
MMR017,Ayeyarwady,ဧရာဝတီတိုင်းဒေသကြီး,MMR017013,Ingapu,အင်္ဂပူ,89,91,104,93,74.47,76.88,78.91,89.1,2,1,41,13,37,38,41,40,27,28,13,29
MMR017,Ayeyarwady,ဧရာဝတီတိုင်းဒေသကြီး,MMR017014,Myaungmya,မြောင်းမြ,113,124,124,unknown,110.46,118.67,121.29,unknown,2,1,42.5,8,32.7,32.8,33.1,33.3,16.2,21.2,21.3,21.1
MMR017,Ayeyarwady,ဧရာဝတီတိုင်းဒေသကြီး,MMR017015,Einme,အိမ္မဲ,108,110,122,98,115.5,123.36,105.83,77.38,2,1,37,20,37,37,40,40,14,20,18,17
MMR017,Ayeyarwady,ဧရာဝတီတိုင်းဒေသကြီး,MMR017016,Labutta,လပွတ္တာ,127,120,126,125,117.43,131.2,153,123.15,2,1,39,14,32,38,39,40,19,13,14,0
MMR017,Ayeyarwady,ဧရာဝတီတိုင်းဒေသကြီး,MMR017017,Wakema,ဝါးခယ်မ,124,109,117,107,109.01,111.22,114.32,89.35,2,1,36,20,31,32,38,36,26,20,20,20
MMR017,Ayeyarwady,ဧရာဝတီတိုင်းဒေသကြီး,MMR017018,Mawlamyinegyun,မော်လမြိုင်ကျွန်း,115,100,110,39,127.19,103.74,133.13,41.39,2,1,38,18,34,34,39,38,18,19,18,20
MMR017,Ayeyarwady,ဧရာဝတီတိုင်းဒေသကြီး,MMR017019,Maubin,မအူပင်,115,125,119,122,89.47,98.27,89.31,89.57,2,1,40.5,11.3,36,40.56,40,38.2,15,11.3,13,14
MMR017,Ayeyarwady,ဧရာဝတီတိုင်းဒေသကြီး,MMR017020,Pantanaw,ပန်းတနော်,unknown,111,110,unknown,unknown,85.64,85.12,unknown,2,1,38.42,23.11,0,38,34.41,0,0,22,19.61,0
MMR017,Ayeyarwady,ဧရာဝတီတိုင်းဒေသကြီး,MMR017021,Nyaungdon,ညောင်တုန်း,108,107,112,101,96.08,94.22,93.92,79.43,2,1,45,38,34.5,32,38,35,24.15,21,14,18
MMR017,Ayeyarwady,ဧရာဝတီတိုင်းဒေသကြီး,MMR017022,Danubyu,ဓနုဖြူ,100,109,109,100,90.75,111.2,105.36,76.77,2,1,42,17,41,40,42,36,17,17,18,23
MMR017,Ayeyarwady,ဧရာဝတီတိုင်းဒေသကြီး,MMR017023,Pyapon,ဖျာပုံ,unknown,unknown,unknown,111,unknown,unknown,unknown,106.86,2,1,36,18,0,0,0,35.1,0,0,0,19.8
MMR017,Ayeyarwady,ဧရာဝတီတိုင်းဒေသကြီး,MMR017024,Bogale,ဘိုကလေး,118,118,120,113,146.94,119.97,157.23,106.42,2,1,40,19,42,40,39,39,18,19,19,19
MMR017,Ayeyarwady,ဧရာဝတီတိုင်းဒေသကြီး,MMR017025,Kyaiklat,ကျိုက်လတ်,unknown,113,116,unknown,unknown,106.44,120.53,unknown,2,1,37,18,0,33,37,0,0,18,18,0
MMR017,Ayeyarwady,ဧရာဝတီတိုင်းဒေသကြီး,MMR017026,Dedaye,ဒေးဒရဲ,88,97,80,92,102.74,102.18,89.79,60.75,2,1,34,21,38,40,34,42,26,26,21,0
MMR018,Naypyitaw  Council,နေပြည်တော်,MMR018001,Zay Yar Thi Ri,ဇေယျာသီရိ,73,65,89,unknown,44.57,23.01,40.77,unknown,2,1,39.9,11.7,41.2,41.5,39.9,0,20.5,21,11.7,0
MMR018,Naypyitaw  Council,နေပြည်တော်,MMR018002,Za Bu Thi Ri,ဇမ္ဗူသီရိ,75,75,87,unknown,44.92,44.92,44.68,unknown,2,1,41.5,9,41,41,41.5,0,13,13,15.2,0
MMR018,Naypyitaw  Council,နေပြည်တော်,MMR018003,Tatkon,တပ်ကုန်း,79,64,77,101,31.51,55.07,26.98,42.6,2,1,44,9,36.8,41,41,44,16.7,9,9,9
MMR018,Naypyitaw  Council,နေပြည်တော်,MMR018004,Det Khi Na Thi Ri,ဒက္ခိဏသီရိ,60,56,66,unknown,39.16,31.4,34.07,unknown,3,0,44,27,44,44,44,0,27,27,27,0
MMR018,Naypyitaw  Council,နေပြည်တော်,MMR018005,Poke Ba Thi Ri,ပုဗ္ဗသီရိ,unknown,unknown,unknown,69,unknown,unknown,unknown,41.27,3,0,43.33,22.78,0,0,0,43.33,0,0,0,22.78
MMR018,Naypyitaw  Council,နေပြည်တော်,MMR018006,Pyinmana,ပျဉ်းမနား,75,78,2,3,44.92,42.76,0.63,1.97,2,1,43.5,10,37.44,36.7,39.5,0,21.11,18.7,11.7,0
MMR018,Naypyitaw  Council,နေပြည်တော်,MMR018007,Lewe,လယ်ဝေး,71,82,71,unknown,45.67,43.03,38.91,unknown,2,1,40,22,39,41.5,41.1,0,24,11.3,11.4,0
MMR018,Naypyitaw  Council,နေပြည်တော်,MMR018008,Oke Ta Ra Thi Ri,ဥတ္တရသီရိ,61,69,89,13,38.11,38.58,54.68,9.57,2,1,36.11,21.11,41,41.5,43.5,42,13,10.5,11.7,41.5
